id,firstname,lastname,email,tolocation,fromlocation,date,time,price,busno
1,John,Doe,johndoe@example.com,New York,Boston,2024-06-01,08:00,50,101
2,Jane,Smith,janesmith@example.com,Chicago,Detroit,2024-06-01,09:00,45,102
3,Robert,Brown,robertbrown@example.com,Los Angeles,San Francisco,2024-06-01,10:00,60,103
4,Linda,White,lindawhite@example.com,Houston,Austin,2024-06-01,11:00,55,104
5,Michael,Johnson,michaeljohnson@example.com,Philadelphia,Pittsburgh,2024-06-01,12:00,40,105
6,Sarah,Davis,sarahdavis@example.com,Phoenix,Tucson,2024-06-01,13:00,35,106
7,James,Martinez,jamesmartinez@example.com,San Diego,Los Angeles,2024-06-01,14:00,65,107
8,Emily,Garcia,emilygarcia@example.com,Dallas,Fort Worth,2024-06-01,15:00,50,108
9,William,Martinez,williamlopez@example.com,San Jose,Sacramento,2024-06-01,16:00,70,109
10,Amanda,Clark,amandaclark@example.com,San Antonio,Dallas,2024-06-01,17:00,60,110
11,Kevin,Scott,kevinscott@example.com,Las Vegas,Reno,2024-06-01,18:00,45,111
12,Ashley,Lee,ashleylee@example.com,Miami,Orlando,2024-06-01,19:00,40,112
13,Brian,Adams,brianadams@example.com,Denver,Boulder,2024-06-01,20:00,55,113
14,Jessica,Robinson,jessicarobinson@example.com,Atlanta,Savannah,2024-06-01,21:00,35,114
15,Matthew,Walker,matthewwalker@example.com,Seattle,Portland,2024-06-01,22:00,50,115
16,Olivia,Hall,oliviahall@example.com,Charlotte,Raleigh,2024-06-02,08:00,45,116
17,David,Young,davidyoung@example.com,San Francisco,Los Angeles,2024-06-02,09:00,60,117
18,Laura,King,lauraking@example.com,San Jose,San Francisco,2024-06-02,10:00,55,118
19,Daniel,Green,danielgreen@example.com,Boston,New York,2024-06-02,11:00,50,119
20,Emily,Hall,emilyhall@example.com,Austin,Houston,2024-06-02,12:00,45,120
21,Joshua,Allen,joshuaallen@example.com,Detroit,Chicago,2024-06-02,13:00,40,121
22,Jessica,Anderson,jessicaanderson@example.com,Tucson,Phoenix,2024-06-02,14:00,35,122
23,Nicholas,Harris,nicholasharris@example.com,San Francisco,San Jose,2024-06-02,15:00,30,123
24,Megan,Mitchell,meganmitchell@example.com,Portland,Seattle,2024-06-02,16:00,55,124
25,Andrew,Perez,andrewperez@example.com,Fort Worth,Dallas,2024-06-02,17:00,45,125
26,Amber,Evans,amberevans@example.com,Reno,Las Vegas,2024-06-02,18:00,40,126
27,Jason,Collins,jasoncollins@example.com,Orlando,Miami,2024-06-02,19:00,50,127
28,Melissa,Stewart,melissastewart@example.com,Boulder,Denver,2024-06-02,20:00,55,128
29,Eric,Russell,ericrussell@example.com,Savannah,Atlanta,2024-06-02,21:00,35,129
30,Karen,Peterson,karenpeterson@example.com,Portland,Seattle,2024-06-02,22:00,50,130
31,Mark,Richardson,markrichardson@example.com,Raleigh,Charlotte,2024-06-03,08:00,45,131
32,Heather,Barnes,heatherbarnes@example.com,Los Angeles,San Francisco,2024-06-03,09:00,60,132
33,Thomas,Reed,thomasreed@example.com,San Jose,San Francisco,2024-06-03,10:00,55,133
34,Samantha,Bishop,samanthabishop@example.com,New York,Boston,2024-06-03,11:00,50,134
35,Stephen,Foster,stephenfoster@example.com,Houston,Austin,2024-06-03,12:00,45,135
36,Rachel,Gonzalez,rachelgonzalez@example.com,Chicago,Detroit,2024-06-03,13:00,40,136
37,Paul,Hamilton,paulhamilton@example.com,Phoenix,Tucson,2024-06-03,14:00,35,137
38,Laura,Hudson,laurahudson@example.com,Los Angeles,San Diego,2024-06-03,15:00,65,138
39,Patrick,Kim,patrickkim@example.com,Dallas,Fort Worth,2024-06-03,16:00,50,139
40,Michelle,Alexander,melissaalexander@example.com,San Jose,Sacramento,2024-06-03,17:00,70,140
41,Steven,Baker,stevenbaker@example.com,San Antonio,Dallas,2024-06-03,18:00,60,141
42,Anna,Morris,annamorris@example.com,Las Vegas,Reno,2024-06-03,19:00,45,142
43,Gregory,Garcia,gregorygarcia@example.com,Miami,Orlando,2024-06-03,20:00,40,143
44,Nicole,Rogers,nicolerogers@example.com,Denver,Boulder,2024-06-03,21:00,55,144
45,Bryan,Hughes,bryanhughes@example.com,Atlanta,Savannah,2024-06-03,22:00,35,145
46,Rebecca,Bryant,rebeccabryant@example.com,Seattle,Portland,2024-06-04,08:00,50,146
47,Anthony,Griffin,anthonygriffin@example.com,Charlotte,Raleigh,2024-06-04,09:00,45,147
48,Barbara,Hayes,barbarahayes@example.com,San Francisco,Los Angeles,2024-06-04,10:00,60,148
49,Edward,Myers,edwardmyers@example.com,San Jose,San Francisco,2024-06-04,11:00,55,149
50,Julia,Long,julialong@example.com,Boston,New York,2024-06-04,12:00,50,150
51,Jose,Armstrong,josearmstrong@example.com,Austin,Houston,2024-06-04,13:00,45,151
52,Marie,Lawrence,marielawrence@example.com,Detroit,Chicago,2024-06-04,14:00,40,152
53,Jeremy,Stephens,jeremystephens@example.com,Tucson,Phoenix,2024-06-04,15:00,35,153
54,Christina,Lee,christinalee@example.com,San Francisco,San Jose,2024-06-04,16:00,30,154
55,Ryan,Garcia,ryangarcia@example.com,Portland,Seattle,2024-06-04,17:00,55,155
56,Karen,Mitchell,karenmitchell@example.com,Fort Worth,Dallas,2024-06-04,18:00,45,156
57,James,Collins,jamescollins@example.com,Reno,Las Vegas,2024-06-04,19:00,40,157
58,Margaret,Stewart,margaretstewart@example.com,Orlando,Miami,2024-06-04,20:00,50,158
59,Ronald,Russell,ronaldrussell@example.com,Boulder,Denver,2024-06-04,21:00,55,159
60,Angela,Peterson,angelapeterson@example.com,Savannah,Atlanta,2024-06-04,22:00,35,160
61,George,Richardson,georgerichardson@example.com,Portland,Seattle,2024-06-05,08:00,50,161
62,Amy,Barnes,amybarnes@example.com,Raleigh,Charlotte,2024-06-05,09:00,45,162
63,Joshua,Reed,joshuareed@example.com,Los Angeles,San Francisco,2024-06-05,10:00,60,163
64,Sandra,Bishop,sandrabishop@example.com,San Jose,San Francisco,2024-06-05,11:00,55,164
65,Scott,Foster,scottfoster@example.com,New York,Boston,2024-06-05,12:00,50,165
66,Deborah,Gonzalez,deborahgonzalez@example.com,Houston,Austin,2024-06-05,13:00,45,166
67,Brandon,Hamilton,brandonhamilton@example.com,Chicago,Detroit,2024-06-05,14:00,40,167
68,Cynthia,Hudson,cynthiahudson@example.com,Phoenix,Tucson,2024-06-05,15:00,35,168
69,Donald,Kim,donaldkim@example.com,Los Angeles,San Diego,2024-06-05,16:00,65,169
70,Laura,Alexander,lauraalexander@example.com,Dallas,Fort Worth,2024-06-05,17:00,50,170
71,Jonathan,Baker,jonathanbaker@example.com,San Jose,Sacramento,2024-06-05,18:00,70,171
72,Ashley,Morris,ashleymorris@example.com,San Antonio,Dallas,2024-06-05,19:00,60,172
73,Samuel,Garcia,samuelgarcia@example.com,Las Vegas,Reno,2024-06-05,20:00,45,173
74,Heather,Rogers,heatherrogers@example.com,Miami,Orlando,2024-06-05,21:00,40,174
75,Raymond,Hughes,raymondhughes@example.com,Denver,Boulder,2024-06-05,22:00,55,175
76,Diane,Bryant,dianebryant@example.com,Atlanta,Savannah,2024-06-06,08:00,35,176
77,Peter,Griffin,petergriffin@example.com,Seattle,Portland,2024-06-06,09:00,50,177
78,Rebecca,Hayes,rebeccahayes@example.com,Charlotte,Raleigh,2024-06-06,10:00,45,178
79,Albert,Myers,albertmyers@example.com,San Francisco,Los Angeles,2024-06-06,11:00,60,179
80,Karen,Long,karenlong@example.com,San Jose,San Francisco,2024-06-06,12:00,55,180
81,Thomas,Armstrong,thomasarmstrong@example.com,Boston,New York,2024-06-06,13:00,50,181
82,Emma,Lawrence,emmalawrence@example.com,Austin,Houston,2024-06-06,14:00,45,182
83,Patrick,Stephens,patrickstephens@example.com,Detroit,Chicago,2024-06-06,15:00,40,183
84,Debra,Lee,debralee@example.com,Tucson,Phoenix,2024-06-06,16:00,35,184
85,Katherine,Garcia,katherinegarcia@example.com,San Francisco,San Jose,2024-06-06,17:00,30,185
86,Nathan,Mitchell,nathanmitchell@example.com,Portland,Seattle,2024-06-06,18:00,55,186
87,Dorothy,Collins,dorothycollins@example.com,Fort Worth,Dallas,2024-06-06,19:00,45,187
88,Douglas,Stewart,douglasstewart@example.com,Reno,Las Vegas,2024-06-06,20:00,40,188
89,Sharon,Russell,sharonrussell@example.com,Orlando,Miami,2024-06-06,21:00,50,189
90,Terry,Peterson,terrypeterson@example.com,Boulder,Denver,2024-06-06,22:00,55,190
91,Adam,Richardson,adamrichardson@example.com,Savannah,Atlanta,2024-06-07,08:00,35,191
92,Kathleen,Barnes,kathleenbarnes@example.com,Portland,Seattle,2024-06-07,09:00,50,192
93,Frances,Reed,francesreed@example.com,Raleigh,Charlotte,2024-06-07,10:00,45,193
94,Evelyn,Bishop,evelynbishop@example.com,Los Angeles,San Francisco,2024-06-07,11:00,60,194
95,Louis,Foster,louisfoster@example.com,San Jose,San Francisco,2024-06-07,12:00,55,195
96,Stephanie,Gonzalez,stephaniegonzalez@example.com,New York,Boston,2024-06-07,13:00,50,196
97,Shirley,Hamilton,shirleyhamilton@example.com,Houston,Austin,2024-06-07,14:00,45,197
98,Aaron,Hudson,aaronhudson@example.com,Chicago,Detroit,2024-06-07,15:00,40,198
99,Rebecca,Kim,rebeccakim@example.com,Phoenix,Tucson,2024-06-07,16:00,35,199
100,Billy,Alexander,billyalexander@example.com,Los Angeles,San Diego,2024-06-07,17:00,65,200
